timestamp,datetime,comment-id,voter-id,vote
1741007925,Mon Mar 03 2025 13:18:45 GMT+0000 (Coordinated Universal Time),1,0,1
1741613230,Mon Mar 10 2025 13:27:10 GMT+0000 (Coordinated Universal Time),1,1,-1
1741772459,Wed Mar 12 2025 09:40:59 GMT+0000 (Coordinated Universal Time),1,2,-1
1742047378,Sat Mar 15 2025 14:02:58 GMT+0000 (Coordinated Universal Time),1,3,1
1742047258,Sat Mar 15 2025 14:00:58 GMT+0000 (Coordinated Universal Time),1,4,1
1742047391,Sat Mar 15 2025 14:03:11 GMT+0000 (Coordinated Universal Time),1,5,0
1742047346,Sat Mar 15 2025 14:02:26 GMT+0000 (Coordinated Universal Time),1,6,-1
1742047287,Sat Mar 15 2025 14:01:27 GMT+0000 (Coordinated Universal Time),1,7,-1
1742047297,Sat Mar 15 2025 14:01:37 GMT+0000 (Coordinated Universal Time),1,8,1
1742047288,Sat Mar 15 2025 14:01:28 GMT+0000 (Coordinated Universal Time),1,9,1
1742047398,Sat Mar 15 2025 14:03:18 GMT+0000 (Coordinated Universal Time),1,10,1
1742047416,Sat Mar 15 2025 14:03:36 GMT+0000 (Coordinated Universal Time),1,11,1
1742047385,Sat Mar 15 2025 14:03:05 GMT+0000 (Coordinated Universal Time),1,12,-1
1742047401,Sat Mar 15 2025 14:03:21 GMT+0000 (Coordinated Universal Time),1,13,1
1742047339,Sat Mar 15 2025 14:02:19 GMT+0000 (Coordinated Universal Time),1,14,1
1742047339,Sat Mar 15 2025 14:02:19 GMT+0000 (Coordinated Universal Time),1,15,1
1742047385,Sat Mar 15 2025 14:03:05 GMT+0000 (Coordinated Universal Time),1,16,1
1742047371,Sat Mar 15 2025 14:02:51 GMT+0000 (Coordinated Universal Time),1,17,-1
1742047391,Sat Mar 15 2025 14:03:11 GMT+0000 (Coordinated Universal Time),1,18,1
1742047378,Sat Mar 15 2025 14:02:58 GMT+0000 (Coordinated Universal Time),1,19,1
1742047379,Sat Mar 15 2025 14:02:59 GMT+0000 (Coordinated Universal Time),1,20,1
1742047417,Sat Mar 15 2025 14:03:37 GMT+0000 (Coordinated Universal Time),1,21,1
1742047386,Sat Mar 15 2025 14:03:06 GMT+0000 (Coordinated Universal Time),1,22,0
1742047387,Sat Mar 15 2025 14:03:07 GMT+0000 (Coordinated Universal Time),1,23,1
1742047478,Sat Mar 15 2025 14:04:38 GMT+0000 (Coordinated Universal Time),1,24,1
1742047418,Sat Mar 15 2025 14:03:38 GMT+0000 (Coordinated Universal Time),1,25,1
1742047447,Sat Mar 15 2025 14:04:07 GMT+0000 (Coordinated Universal Time),1,26,1
1741007929,Mon Mar 03 2025 13:18:49 GMT+0000 (Coordinated Universal Time),2,0,-1
1741613217,Mon Mar 10 2025 13:26:57 GMT+0000 (Coordinated Universal Time),2,1,1
1741772483,Wed Mar 12 2025 09:41:23 GMT+0000 (Coordinated Universal Time),2,2,1
1742047437,Sat Mar 15 2025 14:03:57 GMT+0000 (Coordinated Universal Time),2,3,1
1742047217,Sat Mar 15 2025 14:00:17 GMT+0000 (Coordinated Universal Time),2,4,1
1742047246,Sat Mar 15 2025 14:00:46 GMT+0000 (Coordinated Universal Time),2,5,1
1742047256,Sat Mar 15 2025 14:00:56 GMT+0000 (Coordinated Universal Time),2,6,1
1742047304,Sat Mar 15 2025 14:01:44 GMT+0000 (Coordinated Universal Time),2,7,-1
1742047360,Sat Mar 15 2025 14:02:40 GMT+0000 (Coordinated Universal Time),2,8,1
1742047458,Sat Mar 15 2025 14:04:18 GMT+0000 (Coordinated Universal Time),2,9,1
1742047300,Sat Mar 15 2025 14:01:40 GMT+0000 (Coordinated Universal Time),2,10,-1
1742047448,Sat Mar 15 2025 14:04:08 GMT+0000 (Coordinated Universal Time),2,11,0
1742047334,Sat Mar 15 2025 14:02:14 GMT+0000 (Coordinated Universal Time),2,12,-1
1742047354,Sat Mar 15 2025 14:02:34 GMT+0000 (Coordinated Universal Time),2,13,-1
1742047605,Sat Mar 15 2025 14:06:45 GMT+0000 (Coordinated Universal Time),2,14,-1
1742047353,Sat Mar 15 2025 14:02:33 GMT+0000 (Coordinated Universal Time),2,15,1
1742047416,Sat Mar 15 2025 14:03:36 GMT+0000 (Coordinated Universal Time),2,16,-1
1742047412,Sat Mar 15 2025 14:03:32 GMT+0000 (Coordinated Universal Time),2,17,0
1742047377,Sat Mar 15 2025 14:02:57 GMT+0000 (Coordinated Universal Time),2,18,1
1742047512,Sat Mar 15 2025 14:05:12 GMT+0000 (Coordinated Universal Time),2,19,-1
1742047463,Sat Mar 15 2025 14:04:23 GMT+0000 (Coordinated Universal Time),2,20,-1
1742047401,Sat Mar 15 2025 14:03:21 GMT+0000 (Coordinated Universal Time),2,21,-1
1742047476,Sat Mar 15 2025 14:04:36 GMT+0000 (Coordinated Universal Time),2,22,1
1742047445,Sat Mar 15 2025 14:04:05 GMT+0000 (Coordinated Universal Time),2,23,0
1742047562,Sat Mar 15 2025 14:06:02 GMT+0000 (Coordinated Universal Time),2,24,-1
1742047479,Sat Mar 15 2025 14:04:39 GMT+0000 (Coordinated Universal Time),2,25,1
1742047616,Sat Mar 15 2025 14:06:56 GMT+0000 (Coordinated Universal Time),2,26,1
1741007932,Mon Mar 03 2025 13:18:52 GMT+0000 (Coordinated Universal Time),3,0,-1
1741613303,Mon Mar 10 2025 13:28:23 GMT+0000 (Coordinated Universal Time),3,1,-1
1742047622,Sat Mar 15 2025 14:07:02 GMT+0000 (Coordinated Universal Time),3,3,1
1742047517,Sat Mar 15 2025 14:05:17 GMT+0000 (Coordinated Universal Time),3,4,-1
1742047520,Sat Mar 15 2025 14:05:20 GMT+0000 (Coordinated Universal Time),3,7,-1
1742047635,Sat Mar 15 2025 14:07:15 GMT+0000 (Coordinated Universal Time),3,8,-1
1742047710,Sat Mar 15 2025 14:08:30 GMT+0000 (Coordinated Universal Time),3,11,1
1742048070,Sat Mar 15 2025 14:14:30 GMT+0000 (Coordinated Universal Time),3,13,1
1741008033,Mon Mar 03 2025 13:20:33 GMT+0000 (Coordinated Universal Time),4,0,-1
1741613242,Mon Mar 10 2025 13:27:22 GMT+0000 (Coordinated Universal Time),4,1,0
1742047600,Sat Mar 15 2025 14:06:40 GMT+0000 (Coordinated Universal Time),4,3,1
1742047375,Sat Mar 15 2025 14:02:55 GMT+0000 (Coordinated Universal Time),4,4,1
1742047267,Sat Mar 15 2025 14:01:07 GMT+0000 (Coordinated Universal Time),4,5,1
1742047365,Sat Mar 15 2025 14:02:45 GMT+0000 (Coordinated Universal Time),4,6,-1
1742047359,Sat Mar 15 2025 14:02:39 GMT+0000 (Coordinated Universal Time),4,7,-1
1742047511,Sat Mar 15 2025 14:05:11 GMT+0000 (Coordinated Universal Time),4,8,1
1742047421,Sat Mar 15 2025 14:03:41 GMT+0000 (Coordinated Universal Time),4,9,0
1742047417,Sat Mar 15 2025 14:03:37 GMT+0000 (Coordinated Universal Time),4,10,1
1742047375,Sat Mar 15 2025 14:02:55 GMT+0000 (Coordinated Universal Time),4,11,1
1742047510,Sat Mar 15 2025 14:05:10 GMT+0000 (Coordinated Universal Time),4,12,1
1742047496,Sat Mar 15 2025 14:04:56 GMT+0000 (Coordinated Universal Time),4,13,0
1742047616,Sat Mar 15 2025 14:06:56 GMT+0000 (Coordinated Universal Time),4,14,-1
1742047623,Sat Mar 15 2025 14:07:03 GMT+0000 (Coordinated Universal Time),4,15,1
1742047645,Sat Mar 15 2025 14:07:25 GMT+0000 (Coordinated Universal Time),4,16,0
1742047480,Sat Mar 15 2025 14:04:40 GMT+0000 (Coordinated Universal Time),4,17,1
1742047466,Sat Mar 15 2025 14:04:26 GMT+0000 (Coordinated Universal Time),4,18,1
1742047411,Sat Mar 15 2025 14:03:31 GMT+0000 (Coordinated Universal Time),4,19,-1
1742047443,Sat Mar 15 2025 14:04:03 GMT+0000 (Coordinated Universal Time),4,20,-1
1742047545,Sat Mar 15 2025 14:05:45 GMT+0000 (Coordinated Universal Time),4,21,-1
1742047710,Sat Mar 15 2025 14:08:30 GMT+0000 (Coordinated Universal Time),4,23,1
1742047593,Sat Mar 15 2025 14:06:33 GMT+0000 (Coordinated Universal Time),4,24,-1
1742047694,Sat Mar 15 2025 14:08:14 GMT+0000 (Coordinated Universal Time),4,25,1
1741007944,Mon Mar 03 2025 13:19:04 GMT+0000 (Coordinated Universal Time),5,0,1
1741613203,Mon Mar 10 2025 13:26:43 GMT+0000 (Coordinated Universal Time),5,1,1
1741772673,Wed Mar 12 2025 09:44:33 GMT+0000 (Coordinated Universal Time),5,2,1
1742047628,Sat Mar 15 2025 14:07:08 GMT+0000 (Coordinated Universal Time),5,3,1
1742047379,Sat Mar 15 2025 14:02:59 GMT+0000 (Coordinated Universal Time),5,4,1
1742047708,Sat Mar 15 2025 14:08:28 GMT+0000 (Coordinated Universal Time),5,5,0
1742047419,Sat Mar 15 2025 14:03:39 GMT+0000 (Coordinated Universal Time),5,6,1
1742047316,Sat Mar 15 2025 14:01:56 GMT+0000 (Coordinated Universal Time),5,7,-1
1742047352,Sat Mar 15 2025 14:02:32 GMT+0000 (Coordinated Universal Time),5,8,-1
1742047525,Sat Mar 15 2025 14:05:25 GMT+0000 (Coordinated Universal Time),5,9,1
1742047665,Sat Mar 15 2025 14:07:45 GMT+0000 (Coordinated Universal Time),5,10,0
1742047507,Sat Mar 15 2025 14:05:07 GMT+0000 (Coordinated Universal Time),5,11,1
1742047418,Sat Mar 15 2025 14:03:38 GMT+0000 (Coordinated Universal Time),5,13,-1
1742047631,Sat Mar 15 2025 14:07:11 GMT+0000 (Coordinated Universal Time),5,14,1
1742047398,Sat Mar 15 2025 14:03:18 GMT+0000 (Coordinated Universal Time),5,16,0
1742047539,Sat Mar 15 2025 14:05:39 GMT+0000 (Coordinated Universal Time),5,17,1
1742047426,Sat Mar 15 2025 14:03:46 GMT+0000 (Coordinated Universal Time),5,18,1
1742047692,Sat Mar 15 2025 14:08:12 GMT+0000 (Coordinated Universal Time),5,19,1
1742047612,Sat Mar 15 2025 14:06:52 GMT+0000 (Coordinated Universal Time),5,20,1
1742047384,Sat Mar 15 2025 14:03:04 GMT+0000 (Coordinated Universal Time),5,21,-1
1742047686,Sat Mar 15 2025 14:08:06 GMT+0000 (Coordinated Universal Time),5,24,1
1742047652,Sat Mar 15 2025 14:07:32 GMT+0000 (Coordinated Universal Time),5,25,1
1741613311,Mon Mar 10 2025 13:28:31 GMT+0000 (Coordinated Universal Time),6,1,-1
1742047724,Sat Mar 15 2025 14:08:44 GMT+0000 (Coordinated Universal Time),6,3,1
1742047437,Sat Mar 15 2025 14:03:57 GMT+0000 (Coordinated Universal Time),6,4,0
1742047530,Sat Mar 15 2025 14:05:30 GMT+0000 (Coordinated Universal Time),6,5,1
1742047436,Sat Mar 15 2025 14:03:56 GMT+0000 (Coordinated Universal Time),6,6,-1
1742047445,Sat Mar 15 2025 14:04:05 GMT+0000 (Coordinated Universal Time),6,7,1
1742047378,Sat Mar 15 2025 14:02:58 GMT+0000 (Coordinated Universal Time),6,8,-1
1742047592,Sat Mar 15 2025 14:06:32 GMT+0000 (Coordinated Universal Time),6,9,1
1742047725,Sat Mar 15 2025 14:08:45 GMT+0000 (Coordinated Universal Time),6,11,0
1742047917,Sat Mar 15 2025 14:11:57 GMT+0000 (Coordinated Universal Time),6,13,1
1742047534,Sat Mar 15 2025 14:05:34 GMT+0000 (Coordinated Universal Time),6,17,-1
1741007948,Mon Mar 03 2025 13:19:08 GMT+0000 (Coordinated Universal Time),7,0,1
1741613300,Mon Mar 10 2025 13:28:20 GMT+0000 (Coordinated Universal Time),7,1,1
1741772470,Wed Mar 12 2025 09:41:10 GMT+0000 (Coordinated Universal Time),7,2,1
1742047641,Sat Mar 15 2025 14:07:21 GMT+0000 (Coordinated Universal Time),7,3,1
1742047424,Sat Mar 15 2025 14:03:44 GMT+0000 (Coordinated Universal Time),7,4,0
1742047515,Sat Mar 15 2025 14:05:15 GMT+0000 (Coordinated Universal Time),7,5,1
1742047527,Sat Mar 15 2025 14:05:27 GMT+0000 (Coordinated Universal Time),7,6,1
1742047354,Sat Mar 15 2025 14:02:34 GMT+0000 (Coordinated Universal Time),7,7,1
1742047443,Sat Mar 15 2025 14:04:03 GMT+0000 (Coordinated Universal Time),7,8,1
1742047279,Sat Mar 15 2025 14:01:19 GMT+0000 (Coordinated Universal Time),7,9,1
1742047440,Sat Mar 15 2025 14:04:00 GMT+0000 (Coordinated Universal Time),7,10,1
1742047394,Sat Mar 15 2025 14:03:14 GMT+0000 (Coordinated Universal Time),7,11,1
1742047636,Sat Mar 15 2025 14:07:16 GMT+0000 (Coordinated Universal Time),7,12,0
1742047511,Sat Mar 15 2025 14:05:11 GMT+0000 (Coordinated Universal Time),7,13,1
1742047715,Sat Mar 15 2025 14:08:35 GMT+0000 (Coordinated Universal Time),7,14,-1
1742047637,Sat Mar 15 2025 14:07:17 GMT+0000 (Coordinated Universal Time),7,15,-1
1742047346,Sat Mar 15 2025 14:02:26 GMT+0000 (Coordinated Universal Time),7,16,1
1742047519,Sat Mar 15 2025 14:05:19 GMT+0000 (Coordinated Universal Time),7,17,1
1742047723,Sat Mar 15 2025 14:08:43 GMT+0000 (Coordinated Universal Time),7,18,1
1742047443,Sat Mar 15 2025 14:04:03 GMT+0000 (Coordinated Universal Time),7,19,1
1742047507,Sat Mar 15 2025 14:05:07 GMT+0000 (Coordinated Universal Time),7,21,1
1742047487,Sat Mar 15 2025 14:04:47 GMT+0000 (Coordinated Universal Time),7,23,1
1742047572,Sat Mar 15 2025 14:06:12 GMT+0000 (Coordinated Universal Time),7,26,1
1741613374,Mon Mar 10 2025 13:29:34 GMT+0000 (Coordinated Universal Time),8,1,1
1741772608,Wed Mar 12 2025 09:43:28 GMT+0000 (Coordinated Universal Time),8,2,1
1742047391,Sat Mar 15 2025 14:03:11 GMT+0000 (Coordinated Universal Time),8,3,1
1742047480,Sat Mar 15 2025 14:04:40 GMT+0000 (Coordinated Universal Time),8,4,1
1742047463,Sat Mar 15 2025 14:04:23 GMT+0000 (Coordinated Universal Time),8,5,1
1742047714,Sat Mar 15 2025 14:08:34 GMT+0000 (Coordinated Universal Time),8,6,-1
1742047301,Sat Mar 15 2025 14:01:41 GMT+0000 (Coordinated Universal Time),8,7,-1
1742047432,Sat Mar 15 2025 14:03:52 GMT+0000 (Coordinated Universal Time),8,8,-1
1742047543,Sat Mar 15 2025 14:05:43 GMT+0000 (Coordinated Universal Time),8,9,1
1742047465,Sat Mar 15 2025 14:04:25 GMT+0000 (Coordinated Universal Time),8,10,1
1742047533,Sat Mar 15 2025 14:05:33 GMT+0000 (Coordinated Universal Time),8,11,-1
1742047624,Sat Mar 15 2025 14:07:04 GMT+0000 (Coordinated Universal Time),8,12,0
1742047541,Sat Mar 15 2025 14:05:41 GMT+0000 (Coordinated Universal Time),8,13,1
1742047360,Sat Mar 15 2025 14:02:40 GMT+0000 (Coordinated Universal Time),8,15,1
1742047612,Sat Mar 15 2025 14:06:52 GMT+0000 (Coordinated Universal Time),8,16,0
1742047550,Sat Mar 15 2025 14:05:50 GMT+0000 (Coordinated Universal Time),8,17,1
1742047634,Sat Mar 15 2025 14:07:14 GMT+0000 (Coordinated Universal Time),8,20,1
1742047524,Sat Mar 15 2025 14:05:24 GMT+0000 (Coordinated Universal Time),8,21,0
1742047475,Sat Mar 15 2025 14:04:35 GMT+0000 (Coordinated Universal Time),8,23,1
1742047541,Sat Mar 15 2025 14:05:41 GMT+0000 (Coordinated Universal Time),8,25,1
1742047656,Sat Mar 15 2025 14:07:36 GMT+0000 (Coordinated Universal Time),8,26,1
1741613359,Mon Mar 10 2025 13:29:19 GMT+0000 (Coordinated Universal Time),9,1,1
1741772583,Wed Mar 12 2025 09:43:03 GMT+0000 (Coordinated Universal Time),9,2,1
1742047708,Sat Mar 15 2025 14:08:28 GMT+0000 (Coordinated Universal Time),9,3,1
1742047445,Sat Mar 15 2025 14:04:05 GMT+0000 (Coordinated Universal Time),9,4,1
1742047610,Sat Mar 15 2025 14:06:50 GMT+0000 (Coordinated Universal Time),9,5,1
1742047562,Sat Mar 15 2025 14:06:02 GMT+0000 (Coordinated Universal Time),9,6,1
1742047372,Sat Mar 15 2025 14:02:52 GMT+0000 (Coordinated Universal Time),9,7,1
1742047660,Sat Mar 15 2025 14:07:40 GMT+0000 (Coordinated Universal Time),9,8,-1
1742047511,Sat Mar 15 2025 14:05:11 GMT+0000 (Coordinated Universal Time),9,9,1
1742047349,Sat Mar 15 2025 14:02:29 GMT+0000 (Coordinated Universal Time),9,10,1
1742047574,Sat Mar 15 2025 14:06:14 GMT+0000 (Coordinated Universal Time),9,11,1
1742047457,Sat Mar 15 2025 14:04:17 GMT+0000 (Coordinated Universal Time),9,12,1
1742047433,Sat Mar 15 2025 14:03:53 GMT+0000 (Coordinated Universal Time),9,13,1
1742047483,Sat Mar 15 2025 14:04:43 GMT+0000 (Coordinated Universal Time),9,16,1
1742047468,Sat Mar 15 2025 14:04:28 GMT+0000 (Coordinated Universal Time),9,17,1
1742047779,Sat Mar 15 2025 14:09:39 GMT+0000 (Coordinated Universal Time),9,18,1
1742047565,Sat Mar 15 2025 14:06:05 GMT+0000 (Coordinated Universal Time),9,19,1
1742047452,Sat Mar 15 2025 14:04:12 GMT+0000 (Coordinated Universal Time),9,20,1
1742047536,Sat Mar 15 2025 14:05:36 GMT+0000 (Coordinated Universal Time),9,21,1
1742047534,Sat Mar 15 2025 14:05:34 GMT+0000 (Coordinated Universal Time),9,22,1
1742047506,Sat Mar 15 2025 14:05:06 GMT+0000 (Coordinated Universal Time),9,25,1
1741613368,Mon Mar 10 2025 13:29:28 GMT+0000 (Coordinated Universal Time),10,1,1
1741772552,Wed Mar 12 2025 09:42:32 GMT+0000 (Coordinated Universal Time),10,2,1
1742047657,Sat Mar 15 2025 14:07:37 GMT+0000 (Coordinated Universal Time),10,3,1
1742047230,Sat Mar 15 2025 14:00:30 GMT+0000 (Coordinated Universal Time),10,4,0
1742047433,Sat Mar 15 2025 14:03:53 GMT+0000 (Coordinated Universal Time),10,5,1
1742047577,Sat Mar 15 2025 14:06:17 GMT+0000 (Coordinated Universal Time),10,6,1
1742047382,Sat Mar 15 2025 14:03:02 GMT+0000 (Coordinated Universal Time),10,7,1
1742047626,Sat Mar 15 2025 14:07:06 GMT+0000 (Coordinated Universal Time),10,8,1
1742047407,Sat Mar 15 2025 14:03:27 GMT+0000 (Coordinated Universal Time),10,9,1
1742047362,Sat Mar 15 2025 14:02:42 GMT+0000 (Coordinated Universal Time),10,10,1
1742047422,Sat Mar 15 2025 14:03:42 GMT+0000 (Coordinated Universal Time),10,11,1
1742047537,Sat Mar 15 2025 14:05:37 GMT+0000 (Coordinated Universal Time),10,12,0
1742047374,Sat Mar 15 2025 14:02:54 GMT+0000 (Coordinated Universal Time),10,13,1
1742047703,Sat Mar 15 2025 14:08:23 GMT+0000 (Coordinated Universal Time),10,15,1
1742047360,Sat Mar 15 2025 14:02:40 GMT+0000 (Coordinated Universal Time),10,16,0
1742047413,Sat Mar 15 2025 14:03:33 GMT+0000 (Coordinated Universal Time),10,18,1
1742047683,Sat Mar 15 2025 14:08:03 GMT+0000 (Coordinated Universal Time),10,19,1
1742047423,Sat Mar 15 2025 14:03:43 GMT+0000 (Coordinated Universal Time),10,20,1
1742047482,Sat Mar 15 2025 14:04:42 GMT+0000 (Coordinated Universal Time),10,21,0
1742047572,Sat Mar 15 2025 14:06:12 GMT+0000 (Coordinated Universal Time),10,23,1
1742047578,Sat Mar 15 2025 14:06:18 GMT+0000 (Coordinated Universal Time),10,25,0
1741613345,Mon Mar 10 2025 13:29:05 GMT+0000 (Coordinated Universal Time),11,1,1
1741772598,Wed Mar 12 2025 09:43:18 GMT+0000 (Coordinated Universal Time),11,2,1
1742047366,Sat Mar 15 2025 14:02:46 GMT+0000 (Coordinated Universal Time),11,3,1
1742047406,Sat Mar 15 2025 14:03:26 GMT+0000 (Coordinated Universal Time),11,4,1
1742047277,Sat Mar 15 2025 14:01:17 GMT+0000 (Coordinated Universal Time),11,5,1
1742047546,Sat Mar 15 2025 14:05:46 GMT+0000 (Coordinated Universal Time),11,6,-1
1742047309,Sat Mar 15 2025 14:01:49 GMT+0000 (Coordinated Universal Time),11,7,1
1742047473,Sat Mar 15 2025 14:04:33 GMT+0000 (Coordinated Universal Time),11,8,1
1742047495,Sat Mar 15 2025 14:04:55 GMT+0000 (Coordinated Universal Time),11,9,0
1742047369,Sat Mar 15 2025 14:02:49 GMT+0000 (Coordinated Universal Time),11,11,-1
1742047429,Sat Mar 15 2025 14:03:49 GMT+0000 (Coordinated Universal Time),11,12,1
1742047449,Sat Mar 15 2025 14:04:09 GMT+0000 (Coordinated Universal Time),11,13,1
1742047639,Sat Mar 15 2025 14:07:19 GMT+0000 (Coordinated Universal Time),11,14,1
1742047439,Sat Mar 15 2025 14:03:59 GMT+0000 (Coordinated Universal Time),11,15,1
1742047688,Sat Mar 15 2025 14:08:08 GMT+0000 (Coordinated Universal Time),11,16,0
1742047423,Sat Mar 15 2025 14:03:43 GMT+0000 (Coordinated Universal Time),11,17,0
1742047827,Sat Mar 15 2025 14:10:27 GMT+0000 (Coordinated Universal Time),11,19,0
1742047572,Sat Mar 15 2025 14:06:12 GMT+0000 (Coordinated Universal Time),11,20,1
1742047610,Sat Mar 15 2025 14:06:50 GMT+0000 (Coordinated Universal Time),11,21,1
1742047446,Sat Mar 15 2025 14:04:06 GMT+0000 (Coordinated Universal Time),11,22,-1
1742047546,Sat Mar 15 2025 14:05:46 GMT+0000 (Coordinated Universal Time),11,25,1
1741613340,Mon Mar 10 2025 13:29:00 GMT+0000 (Coordinated Universal Time),12,1,-1
1742047690,Sat Mar 15 2025 14:08:10 GMT+0000 (Coordinated Universal Time),12,4,0
1742047441,Sat Mar 15 2025 14:04:01 GMT+0000 (Coordinated Universal Time),12,5,1
1742047746,Sat Mar 15 2025 14:09:06 GMT+0000 (Coordinated Universal Time),12,6,1
1742047365,Sat Mar 15 2025 14:02:45 GMT+0000 (Coordinated Universal Time),12,7,1
1742047503,Sat Mar 15 2025 14:05:03 GMT+0000 (Coordinated Universal Time),12,8,1
1742047429,Sat Mar 15 2025 14:03:49 GMT+0000 (Coordinated Universal Time),12,11,-1
1742047700,Sat Mar 15 2025 14:08:20 GMT+0000 (Coordinated Universal Time),12,12,1
1742047646,Sat Mar 15 2025 14:07:26 GMT+0000 (Coordinated Universal Time),12,13,1
1742047499,Sat Mar 15 2025 14:04:59 GMT+0000 (Coordinated Universal Time),12,16,0
1742047683,Sat Mar 15 2025 14:08:03 GMT+0000 (Coordinated Universal Time),12,17,1
1742047421,Sat Mar 15 2025 14:03:41 GMT+0000 (Coordinated Universal Time),12,21,1
1741007937,Mon Mar 03 2025 13:18:57 GMT+0000 (Coordinated Universal Time),13,0,1
1741613213,Mon Mar 10 2025 13:26:53 GMT+0000 (Coordinated Universal Time),13,1,1
1741772473,Wed Mar 12 2025 09:41:13 GMT+0000 (Coordinated Universal Time),13,2,1
1742047197,Sat Mar 15 2025 13:59:57 GMT+0000 (Coordinated Universal Time),13,3,1
1742047484,Sat Mar 15 2025 14:04:44 GMT+0000 (Coordinated Universal Time),13,4,0
1742047718,Sat Mar 15 2025 14:08:38 GMT+0000 (Coordinated Universal Time),13,5,1
1742047523,Sat Mar 15 2025 14:05:23 GMT+0000 (Coordinated Universal Time),13,6,1
1742047361,Sat Mar 15 2025 14:02:41 GMT+0000 (Coordinated Universal Time),13,7,1
1742047301,Sat Mar 15 2025 14:01:41 GMT+0000 (Coordinated Universal Time),13,8,1
1742047342,Sat Mar 15 2025 14:02:22 GMT+0000 (Coordinated Universal Time),13,9,1
1742047641,Sat Mar 15 2025 14:07:21 GMT+0000 (Coordinated Universal Time),13,10,-1
1742047462,Sat Mar 15 2025 14:04:22 GMT+0000 (Coordinated Universal Time),13,11,-1
1742047337,Sat Mar 15 2025 14:02:17 GMT+0000 (Coordinated Universal Time),13,12,1
1742047553,Sat Mar 15 2025 14:05:53 GMT+0000 (Coordinated Universal Time),13,13,1
1742047643,Sat Mar 15 2025 14:07:23 GMT+0000 (Coordinated Universal Time),13,14,-1
1742047642,Sat Mar 15 2025 14:07:22 GMT+0000 (Coordinated Universal Time),13,15,1
1742047735,Sat Mar 15 2025 14:08:55 GMT+0000 (Coordinated Universal Time),13,16,0
1742047457,Sat Mar 15 2025 14:04:17 GMT+0000 (Coordinated Universal Time),13,17,0
1742047391,Sat Mar 15 2025 14:03:11 GMT+0000 (Coordinated Universal Time),13,19,1
1742047503,Sat Mar 15 2025 14:05:03 GMT+0000 (Coordinated Universal Time),13,20,1
1742047424,Sat Mar 15 2025 14:03:44 GMT+0000 (Coordinated Universal Time),13,21,1
1742047657,Sat Mar 15 2025 14:07:37 GMT+0000 (Coordinated Universal Time),13,22,1
1742047624,Sat Mar 15 2025 14:07:04 GMT+0000 (Coordinated Universal Time),13,23,1
1742047431,Sat Mar 15 2025 14:03:51 GMT+0000 (Coordinated Universal Time),13,25,0
1742047714,Sat Mar 15 2025 14:08:34 GMT+0000 (Coordinated Universal Time),13,26,-1
1741613329,Mon Mar 10 2025 13:28:49 GMT+0000 (Coordinated Universal Time),14,1,1
1741772562,Wed Mar 12 2025 09:42:42 GMT+0000 (Coordinated Universal Time),14,2,1
1742047705,Sat Mar 15 2025 14:08:25 GMT+0000 (Coordinated Universal Time),14,3,-1
1742047458,Sat Mar 15 2025 14:04:18 GMT+0000 (Coordinated Universal Time),14,4,0
1742047447,Sat Mar 15 2025 14:04:07 GMT+0000 (Coordinated Universal Time),14,5,1
1742047446,Sat Mar 15 2025 14:04:06 GMT+0000 (Coordinated Universal Time),14,6,1
1742047420,Sat Mar 15 2025 14:03:40 GMT+0000 (Coordinated Universal Time),14,7,1
1742047638,Sat Mar 15 2025 14:07:18 GMT+0000 (Coordinated Universal Time),14,8,1
1742047623,Sat Mar 15 2025 14:07:03 GMT+0000 (Coordinated Universal Time),14,9,0
1742047513,Sat Mar 15 2025 14:05:13 GMT+0000 (Coordinated Universal Time),14,10,0
1742047318,Sat Mar 15 2025 14:01:58 GMT+0000 (Coordinated Universal Time),14,11,1
1742047688,Sat Mar 15 2025 14:08:08 GMT+0000 (Coordinated Universal Time),14,12,1
1742047337,Sat Mar 15 2025 14:02:17 GMT+0000 (Coordinated Universal Time),14,13,1
1742047412,Sat Mar 15 2025 14:03:32 GMT+0000 (Coordinated Universal Time),14,14,0
1742047458,Sat Mar 15 2025 14:04:18 GMT+0000 (Coordinated Universal Time),14,16,0
1742047573,Sat Mar 15 2025 14:06:13 GMT+0000 (Coordinated Universal Time),14,17,1
1742047835,Sat Mar 15 2025 14:10:35 GMT+0000 (Coordinated Universal Time),14,19,-1
1742047539,Sat Mar 15 2025 14:05:39 GMT+0000 (Coordinated Universal Time),14,20,1
1742047419,Sat Mar 15 2025 14:03:39 GMT+0000 (Coordinated Universal Time),14,21,1
1742047470,Sat Mar 15 2025 14:04:30 GMT+0000 (Coordinated Universal Time),14,22,-1
1742047622,Sat Mar 15 2025 14:07:02 GMT+0000 (Coordinated Universal Time),14,25,1
1741613282,Mon Mar 10 2025 13:28:02 GMT+0000 (Coordinated Universal Time),15,1,1
1742047467,Sat Mar 15 2025 14:04:27 GMT+0000 (Coordinated Universal Time),15,4,0
1742047239,Sat Mar 15 2025 14:00:39 GMT+0000 (Coordinated Universal Time),15,5,0
1742047729,Sat Mar 15 2025 14:08:49 GMT+0000 (Coordinated Universal Time),15,6,1
1742047391,Sat Mar 15 2025 14:03:11 GMT+0000 (Coordinated Universal Time),15,7,1
1742047581,Sat Mar 15 2025 14:06:21 GMT+0000 (Coordinated Universal Time),15,8,1
1742047634,Sat Mar 15 2025 14:07:14 GMT+0000 (Coordinated Universal Time),15,9,0
1742047536,Sat Mar 15 2025 14:05:36 GMT+0000 (Coordinated Universal Time),15,10,0
1742047493,Sat Mar 15 2025 14:04:53 GMT+0000 (Coordinated Universal Time),15,11,-1
1742047462,Sat Mar 15 2025 14:04:22 GMT+0000 (Coordinated Universal Time),15,12,1
1742047529,Sat Mar 15 2025 14:05:29 GMT+0000 (Coordinated Universal Time),15,13,1
1742047703,Sat Mar 15 2025 14:08:23 GMT+0000 (Coordinated Universal Time),15,14,-1
1742047625,Sat Mar 15 2025 14:07:05 GMT+0000 (Coordinated Universal Time),15,16,0
1742047710,Sat Mar 15 2025 14:08:30 GMT+0000 (Coordinated Universal Time),15,17,1
1742047583,Sat Mar 15 2025 14:06:23 GMT+0000 (Coordinated Universal Time),15,18,1
1742047501,Sat Mar 15 2025 14:05:01 GMT+0000 (Coordinated Universal Time),15,19,-1
1742047512,Sat Mar 15 2025 14:05:12 GMT+0000 (Coordinated Universal Time),15,20,1
1742047430,Sat Mar 15 2025 14:03:50 GMT+0000 (Coordinated Universal Time),15,21,1
1742047439,Sat Mar 15 2025 14:03:59 GMT+0000 (Coordinated Universal Time),15,23,1
1742047414,Sat Mar 15 2025 14:03:34 GMT+0000 (Coordinated Universal Time),15,24,0
1741007923,Mon Mar 03 2025 13:18:43 GMT+0000 (Coordinated Universal Time),16,0,1
1741613289,Mon Mar 10 2025 13:28:09 GMT+0000 (Coordinated Universal Time),16,1,1
1742047650,Sat Mar 15 2025 14:07:30 GMT+0000 (Coordinated Universal Time),16,3,1
1742047395,Sat Mar 15 2025 14:03:15 GMT+0000 (Coordinated Universal Time),16,4,0
1742047495,Sat Mar 15 2025 14:04:55 GMT+0000 (Coordinated Universal Time),16,5,1
1742047502,Sat Mar 15 2025 14:05:02 GMT+0000 (Coordinated Universal Time),16,6,1
1742047344,Sat Mar 15 2025 14:02:24 GMT+0000 (Coordinated Universal Time),16,7,-1
1742047553,Sat Mar 15 2025 14:05:53 GMT+0000 (Coordinated Universal Time),16,8,1
1742047316,Sat Mar 15 2025 14:01:56 GMT+0000 (Coordinated Universal Time),16,9,1
1742047725,Sat Mar 15 2025 14:08:45 GMT+0000 (Coordinated Universal Time),16,10,1
1742047618,Sat Mar 15 2025 14:06:58 GMT+0000 (Coordinated Universal Time),16,11,1
1742047426,Sat Mar 15 2025 14:03:46 GMT+0000 (Coordinated Universal Time),16,12,-1
1742047468,Sat Mar 15 2025 14:04:28 GMT+0000 (Coordinated Universal Time),16,13,-1
1742047416,Sat Mar 15 2025 14:03:36 GMT+0000 (Coordinated Universal Time),16,14,1
1742047464,Sat Mar 15 2025 14:04:24 GMT+0000 (Coordinated Universal Time),16,15,1
1742047702,Sat Mar 15 2025 14:08:22 GMT+0000 (Coordinated Universal Time),16,16,1
1742047653,Sat Mar 15 2025 14:07:33 GMT+0000 (Coordinated Universal Time),16,17,0
1742047542,Sat Mar 15 2025 14:05:42 GMT+0000 (Coordinated Universal Time),16,18,1
1742047561,Sat Mar 15 2025 14:06:01 GMT+0000 (Coordinated Universal Time),16,20,-1
1742047441,Sat Mar 15 2025 14:04:01 GMT+0000 (Coordinated Universal Time),16,21,1
1742047514,Sat Mar 15 2025 14:05:14 GMT+0000 (Coordinated Universal Time),16,22,-1
1742047718,Sat Mar 15 2025 14:08:38 GMT+0000 (Coordinated Universal Time),16,23,1
1742047634,Sat Mar 15 2025 14:07:14 GMT+0000 (Coordinated Universal Time),16,25,1
1741007953,Mon Mar 03 2025 13:19:13 GMT+0000 (Coordinated Universal Time),17,0,1
1741613271,Mon Mar 10 2025 13:27:51 GMT+0000 (Coordinated Universal Time),17,1,0
1742047354,Sat Mar 15 2025 14:02:34 GMT+0000 (Coordinated Universal Time),17,3,1
1742047450,Sat Mar 15 2025 14:04:10 GMT+0000 (Coordinated Universal Time),17,4,0
1742047544,Sat Mar 15 2025 14:05:44 GMT+0000 (Coordinated Universal Time),17,5,0
1742047350,Sat Mar 15 2025 14:02:30 GMT+0000 (Coordinated Universal Time),17,6,1
1742047322,Sat Mar 15 2025 14:02:02 GMT+0000 (Coordinated Universal Time),17,7,-1
1742047456,Sat Mar 15 2025 14:04:16 GMT+0000 (Coordinated Universal Time),17,8,0
1742047448,Sat Mar 15 2025 14:04:08 GMT+0000 (Coordinated Universal Time),17,9,-1
1742047423,Sat Mar 15 2025 14:03:43 GMT+0000 (Coordinated Universal Time),17,10,0
1742047517,Sat Mar 15 2025 14:05:17 GMT+0000 (Coordinated Universal Time),17,11,1
1742047478,Sat Mar 15 2025 14:04:38 GMT+0000 (Coordinated Universal Time),17,12,0
1742047362,Sat Mar 15 2025 14:02:42 GMT+0000 (Coordinated Universal Time),17,13,-1
1742047627,Sat Mar 15 2025 14:07:07 GMT+0000 (Coordinated Universal Time),17,14,-1
1742047474,Sat Mar 15 2025 14:04:34 GMT+0000 (Coordinated Universal Time),17,15,1
1742047595,Sat Mar 15 2025 14:06:35 GMT+0000 (Coordinated Universal Time),17,16,0
1742047594,Sat Mar 15 2025 14:06:34 GMT+0000 (Coordinated Universal Time),17,17,0
1742047518,Sat Mar 15 2025 14:05:18 GMT+0000 (Coordinated Universal Time),17,18,-1
1742047611,Sat Mar 15 2025 14:06:51 GMT+0000 (Coordinated Universal Time),17,19,1
1742047471,Sat Mar 15 2025 14:04:31 GMT+0000 (Coordinated Universal Time),17,20,-1
1742047379,Sat Mar 15 2025 14:02:59 GMT+0000 (Coordinated Universal Time),17,21,1
1742047470,Sat Mar 15 2025 14:04:30 GMT+0000 (Coordinated Universal Time),17,23,1
1742047615,Sat Mar 15 2025 14:06:55 GMT+0000 (Coordinated Universal Time),17,25,0
1742047623,Sat Mar 15 2025 14:07:03 GMT+0000 (Coordinated Universal Time),17,26,1
1741613320,Mon Mar 10 2025 13:28:40 GMT+0000 (Coordinated Universal Time),18,1,1
1741772476,Wed Mar 12 2025 09:41:16 GMT+0000 (Coordinated Universal Time),18,2,1
1742047432,Sat Mar 15 2025 14:03:52 GMT+0000 (Coordinated Universal Time),18,3,1
1742047414,Sat Mar 15 2025 14:03:34 GMT+0000 (Coordinated Universal Time),18,4,1
1742047473,Sat Mar 15 2025 14:04:33 GMT+0000 (Coordinated Universal Time),18,5,-1
1742047638,Sat Mar 15 2025 14:07:18 GMT+0000 (Coordinated Universal Time),18,6,-1
1742047410,Sat Mar 15 2025 14:03:30 GMT+0000 (Coordinated Universal Time),18,7,-1
1742047522,Sat Mar 15 2025 14:05:22 GMT+0000 (Coordinated Universal Time),18,8,-1
1742047486,Sat Mar 15 2025 14:04:46 GMT+0000 (Coordinated Universal Time),18,9,1
1742047607,Sat Mar 15 2025 14:06:47 GMT+0000 (Coordinated Universal Time),18,10,-1
1742047609,Sat Mar 15 2025 14:06:49 GMT+0000 (Coordinated Universal Time),18,11,-1
1742047522,Sat Mar 15 2025 14:05:22 GMT+0000 (Coordinated Universal Time),18,12,0
1742047439,Sat Mar 15 2025 14:03:59 GMT+0000 (Coordinated Universal Time),18,13,-1
1742047660,Sat Mar 15 2025 14:07:40 GMT+0000 (Coordinated Universal Time),18,16,1
1742047436,Sat Mar 15 2025 14:03:56 GMT+0000 (Coordinated Universal Time),18,17,-1
1742047505,Sat Mar 15 2025 14:05:05 GMT+0000 (Coordinated Universal Time),18,18,0
1742047483,Sat Mar 15 2025 14:04:43 GMT+0000 (Coordinated Universal Time),18,19,1
1742047534,Sat Mar 15 2025 14:05:34 GMT+0000 (Coordinated Universal Time),18,20,1
1742047618,Sat Mar 15 2025 14:06:58 GMT+0000 (Coordinated Universal Time),18,21,-1
1742047713,Sat Mar 15 2025 14:08:33 GMT+0000 (Coordinated Universal Time),18,23,1
1742047644,Sat Mar 15 2025 14:07:24 GMT+0000 (Coordinated Universal Time),18,25,0
1742047644,Sat Mar 15 2025 14:07:24 GMT+0000 (Coordinated Universal Time),18,26,1
1741007941,Mon Mar 03 2025 13:19:01 GMT+0000 (Coordinated Universal Time),19,0,0
1741613257,Mon Mar 10 2025 13:27:37 GMT+0000 (Coordinated Universal Time),19,1,-1
1741772465,Wed Mar 12 2025 09:41:05 GMT+0000 (Coordinated Universal Time),19,2,-1
1742047698,Sat Mar 15 2025 14:08:18 GMT+0000 (Coordinated Universal Time),19,3,1
1742047464,Sat Mar 15 2025 14:04:24 GMT+0000 (Coordinated Universal Time),19,4,0
1742047686,Sat Mar 15 2025 14:08:06 GMT+0000 (Coordinated Universal Time),19,5,1
1742047492,Sat Mar 15 2025 14:04:52 GMT+0000 (Coordinated Universal Time),19,6,-1
1742047453,Sat Mar 15 2025 14:04:13 GMT+0000 (Coordinated Universal Time),19,7,-1
1742047517,Sat Mar 15 2025 14:05:17 GMT+0000 (Coordinated Universal Time),19,8,-1
1742047474,Sat Mar 15 2025 14:04:34 GMT+0000 (Coordinated Universal Time),19,9,-1
1742047390,Sat Mar 15 2025 14:03:10 GMT+0000 (Coordinated Universal Time),19,10,1
1742047473,Sat Mar 15 2025 14:04:33 GMT+0000 (Coordinated Universal Time),19,11,1
1742047376,Sat Mar 15 2025 14:02:56 GMT+0000 (Coordinated Universal Time),19,12,-1
1742047391,Sat Mar 15 2025 14:03:11 GMT+0000 (Coordinated Universal Time),19,13,-1
1742047373,Sat Mar 15 2025 14:02:53 GMT+0000 (Coordinated Universal Time),19,14,1
1742047676,Sat Mar 15 2025 14:07:56 GMT+0000 (Coordinated Universal Time),19,15,-1
1742047711,Sat Mar 15 2025 14:08:31 GMT+0000 (Coordinated Universal Time),19,16,0
1742047451,Sat Mar 15 2025 14:04:11 GMT+0000 (Coordinated Universal Time),19,17,1
1742047472,Sat Mar 15 2025 14:04:32 GMT+0000 (Coordinated Universal Time),19,18,-1
1742047551,Sat Mar 15 2025 14:05:51 GMT+0000 (Coordinated Universal Time),19,21,-1
1742047705,Sat Mar 15 2025 14:08:25 GMT+0000 (Coordinated Universal Time),19,23,-1
1742047532,Sat Mar 15 2025 14:05:32 GMT+0000 (Coordinated Universal Time),19,25,0
1742047650,Sat Mar 15 2025 14:07:30 GMT+0000 (Coordinated Universal Time),19,26,1
1741613353,Mon Mar 10 2025 13:29:13 GMT+0000 (Coordinated Universal Time),20,1,-1
1742047606,Sat Mar 15 2025 14:06:46 GMT+0000 (Coordinated Universal Time),20,3,1
1742047530,Sat Mar 15 2025 14:05:30 GMT+0000 (Coordinated Universal Time),20,4,1
1742047712,Sat Mar 15 2025 14:08:32 GMT+0000 (Coordinated Universal Time),20,5,1
1742047535,Sat Mar 15 2025 14:05:35 GMT+0000 (Coordinated Universal Time),20,6,1
1742047438,Sat Mar 15 2025 14:03:58 GMT+0000 (Coordinated Universal Time),20,7,-1
1742047339,Sat Mar 15 2025 14:02:19 GMT+0000 (Coordinated Universal Time),20,8,-1
1742047720,Sat Mar 15 2025 14:08:40 GMT+0000 (Coordinated Universal Time),20,11,0
1742047709,Sat Mar 15 2025 14:08:29 GMT+0000 (Coordinated Universal Time),20,13,-1
1742047436,Sat Mar 15 2025 14:03:56 GMT+0000 (Coordinated Universal Time),20,15,0
1742047513,Sat Mar 15 2025 14:05:13 GMT+0000 (Coordinated Universal Time),20,16,1
1742047497,Sat Mar 15 2025 14:04:57 GMT+0000 (Coordinated Universal Time),20,17,1
1742047607,Sat Mar 15 2025 14:06:47 GMT+0000 (Coordinated Universal Time),20,18,1
1742047715,Sat Mar 15 2025 14:08:35 GMT+0000 (Coordinated Universal Time),20,21,-1
1742047690,Sat Mar 15 2025 14:08:10 GMT+0000 (Coordinated Universal Time),20,24,1
1741613605,Mon Mar 10 2025 13:33:25 GMT+0000 (Coordinated Universal Time),21,1,1
1741772591,Wed Mar 12 2025 09:43:11 GMT+0000 (Coordinated Universal Time),21,2,1
1742047715,Sat Mar 15 2025 14:08:35 GMT+0000 (Coordinated Universal Time),21,3,-1
1742047243,Sat Mar 15 2025 14:00:43 GMT+0000 (Coordinated Universal Time),21,4,0
1742047416,Sat Mar 15 2025 14:03:36 GMT+0000 (Coordinated Universal Time),21,5,-1
1742047450,Sat Mar 15 2025 14:04:10 GMT+0000 (Coordinated Universal Time),21,6,1
1742047418,Sat Mar 15 2025 14:03:38 GMT+0000 (Coordinated Universal Time),21,7,0
1742047438,Sat Mar 15 2025 14:03:58 GMT+0000 (Coordinated Universal Time),21,8,0
1742047271,Sat Mar 15 2025 14:01:11 GMT+0000 (Coordinated Universal Time),21,9,-1
1742047692,Sat Mar 15 2025 14:08:12 GMT+0000 (Coordinated Universal Time),21,11,-1
1742047663,Sat Mar 15 2025 14:07:43 GMT+0000 (Coordinated Universal Time),21,12,0
1742047444,Sat Mar 15 2025 14:04:04 GMT+0000 (Coordinated Universal Time),21,13,1
1742047652,Sat Mar 15 2025 14:07:32 GMT+0000 (Coordinated Universal Time),21,14,-1
1742047548,Sat Mar 15 2025 14:05:48 GMT+0000 (Coordinated Universal Time),21,16,0
1742047641,Sat Mar 15 2025 14:07:21 GMT+0000 (Coordinated Universal Time),21,17,-1
1742047713,Sat Mar 15 2025 14:08:33 GMT+0000 (Coordinated Universal Time),21,18,-1
1742047716,Sat Mar 15 2025 14:08:36 GMT+0000 (Coordinated Universal Time),21,20,-1
1742047692,Sat Mar 15 2025 14:08:12 GMT+0000 (Coordinated Universal Time),21,21,-1
1742047548,Sat Mar 15 2025 14:05:48 GMT+0000 (Coordinated Universal Time),21,23,-1
1742047502,Sat Mar 15 2025 14:05:02 GMT+0000 (Coordinated Universal Time),21,25,0
1741613965,Mon Mar 10 2025 13:39:25 GMT+0000 (Coordinated Universal Time),22,1,1
1741772677,Wed Mar 12 2025 09:44:37 GMT+0000 (Coordinated Universal Time),22,2,1
1742047571,Sat Mar 15 2025 14:06:11 GMT+0000 (Coordinated Universal Time),22,3,-1
1742047588,Sat Mar 15 2025 14:06:28 GMT+0000 (Coordinated Universal Time),22,4,0
1742047426,Sat Mar 15 2025 14:03:46 GMT+0000 (Coordinated Universal Time),22,5,1
1742047374,Sat Mar 15 2025 14:02:54 GMT+0000 (Coordinated Universal Time),22,6,1
1742047330,Sat Mar 15 2025 14:02:10 GMT+0000 (Coordinated Universal Time),22,7,1
1742047500,Sat Mar 15 2025 14:05:00 GMT+0000 (Coordinated Universal Time),22,8,1
1742047623,Sat Mar 15 2025 14:07:03 GMT+0000 (Coordinated Universal Time),22,10,0
1742047578,Sat Mar 15 2025 14:06:18 GMT+0000 (Coordinated Universal Time),22,11,0
1742047547,Sat Mar 15 2025 14:05:47 GMT+0000 (Coordinated Universal Time),22,12,1
1742047547,Sat Mar 15 2025 14:05:47 GMT+0000 (Coordinated Universal Time),22,13,1
1742047709,Sat Mar 15 2025 14:08:29 GMT+0000 (Coordinated Universal Time),22,15,-1
1742047409,Sat Mar 15 2025 14:03:29 GMT+0000 (Coordinated Universal Time),22,16,-1
1742047635,Sat Mar 15 2025 14:07:15 GMT+0000 (Coordinated Universal Time),22,17,1
1742047710,Sat Mar 15 2025 14:08:30 GMT+0000 (Coordinated Universal Time),22,19,0
1742047645,Sat Mar 15 2025 14:07:25 GMT+0000 (Coordinated Universal Time),22,21,-1
1742047488,Sat Mar 15 2025 14:04:48 GMT+0000 (Coordinated Universal Time),22,22,0
1742047493,Sat Mar 15 2025 14:04:53 GMT+0000 (Coordinated Universal Time),22,23,-1
1742047660,Sat Mar 15 2025 14:07:40 GMT+0000 (Coordinated Universal Time),22,25,-1
1742047498,Sat Mar 15 2025 14:04:58 GMT+0000 (Coordinated Universal Time),22,26,-1
1741614033,Mon Mar 10 2025 13:40:33 GMT+0000 (Coordinated Universal Time),23,1,1
1741772568,Wed Mar 12 2025 09:42:48 GMT+0000 (Coordinated Universal Time),23,2,1
1742047401,Sat Mar 15 2025 14:03:21 GMT+0000 (Coordinated Universal Time),23,3,0
1742047389,Sat Mar 15 2025 14:03:09 GMT+0000 (Coordinated Universal Time),23,4,0
1742047550,Sat Mar 15 2025 14:05:50 GMT+0000 (Coordinated Universal Time),23,5,0
1742047429,Sat Mar 15 2025 14:03:49 GMT+0000 (Coordinated Universal Time),23,6,1
1742047386,Sat Mar 15 2025 14:03:06 GMT+0000 (Coordinated Universal Time),23,7,-1
1742047541,Sat Mar 15 2025 14:05:41 GMT+0000 (Coordinated Universal Time),23,8,1
1742047299,Sat Mar 15 2025 14:01:39 GMT+0000 (Coordinated Universal Time),23,9,-1
1742047656,Sat Mar 15 2025 14:07:36 GMT+0000 (Coordinated Universal Time),23,10,0
1742047455,Sat Mar 15 2025 14:04:15 GMT+0000 (Coordinated Universal Time),23,11,-1
1742047534,Sat Mar 15 2025 14:05:34 GMT+0000 (Coordinated Universal Time),23,13,1
1742047690,Sat Mar 15 2025 14:08:10 GMT+0000 (Coordinated Universal Time),23,14,0
1742047637,Sat Mar 15 2025 14:07:17 GMT+0000 (Coordinated Universal Time),23,16,0
1742047488,Sat Mar 15 2025 14:04:48 GMT+0000 (Coordinated Universal Time),23,17,0
1742047402,Sat Mar 15 2025 14:03:22 GMT+0000 (Coordinated Universal Time),23,18,1
1742047500,Sat Mar 15 2025 14:05:00 GMT+0000 (Coordinated Universal Time),23,21,1
1742047456,Sat Mar 15 2025 14:04:16 GMT+0000 (Coordinated Universal Time),23,23,1
1742047675,Sat Mar 15 2025 14:07:55 GMT+0000 (Coordinated Universal Time),23,24,-1
1741614069,Mon Mar 10 2025 13:41:09 GMT+0000 (Coordinated Universal Time),24,1,1
1741772602,Wed Mar 12 2025 09:43:22 GMT+0000 (Coordinated Universal Time),24,2,1
1742047313,Sat Mar 15 2025 14:01:53 GMT+0000 (Coordinated Universal Time),24,3,-1
1742047491,Sat Mar 15 2025 14:04:51 GMT+0000 (Coordinated Universal Time),24,4,0
1742047488,Sat Mar 15 2025 14:04:48 GMT+0000 (Coordinated Universal Time),24,5,1
1742047355,Sat Mar 15 2025 14:02:35 GMT+0000 (Coordinated Universal Time),24,6,1
1742047375,Sat Mar 15 2025 14:02:55 GMT+0000 (Coordinated Universal Time),24,7,1
1742047266,Sat Mar 15 2025 14:01:06 GMT+0000 (Coordinated Universal Time),24,8,0
1742047456,Sat Mar 15 2025 14:04:16 GMT+0000 (Coordinated Universal Time),24,10,0
1742047503,Sat Mar 15 2025 14:05:03 GMT+0000 (Coordinated Universal Time),24,11,0
1742047685,Sat Mar 15 2025 14:08:05 GMT+0000 (Coordinated Universal Time),24,12,1
1742047619,Sat Mar 15 2025 14:06:59 GMT+0000 (Coordinated Universal Time),24,13,1
1742047359,Sat Mar 15 2025 14:02:39 GMT+0000 (Coordinated Universal Time),24,14,-1
1742047697,Sat Mar 15 2025 14:08:17 GMT+0000 (Coordinated Universal Time),24,15,-1
1742047528,Sat Mar 15 2025 14:05:28 GMT+0000 (Coordinated Universal Time),24,16,0
1742047689,Sat Mar 15 2025 14:08:09 GMT+0000 (Coordinated Universal Time),24,17,0
1742047697,Sat Mar 15 2025 14:08:17 GMT+0000 (Coordinated Universal Time),24,18,0
1742047628,Sat Mar 15 2025 14:07:08 GMT+0000 (Coordinated Universal Time),24,19,0
1742047498,Sat Mar 15 2025 14:04:58 GMT+0000 (Coordinated Universal Time),24,20,-1
1742047396,Sat Mar 15 2025 14:03:16 GMT+0000 (Coordinated Universal Time),24,21,1
1742047467,Sat Mar 15 2025 14:04:27 GMT+0000 (Coordinated Universal Time),24,25,-1
1742047700,Sat Mar 15 2025 14:08:20 GMT+0000 (Coordinated Universal Time),24,26,-1
1742047492,Sat Mar 15 2025 14:04:52 GMT+0000 (Coordinated Universal Time),25,7,1
1742047724,Sat Mar 15 2025 14:08:44 GMT+0000 (Coordinated Universal Time),25,11,0
1742047357,Sat Mar 15 2025 14:02:37 GMT+0000 (Coordinated Universal Time),25,12,-1
1742047922,Sat Mar 15 2025 14:12:02 GMT+0000 (Coordinated Universal Time),25,13,1
1742047871,Sat Mar 15 2025 14:11:11 GMT+0000 (Coordinated Universal Time),25,16,0
1742047696,Sat Mar 15 2025 14:08:16 GMT+0000 (Coordinated Universal Time),25,17,-1
1742047695,Sat Mar 15 2025 14:08:15 GMT+0000 (Coordinated Universal Time),25,17,-1
1742047600,Sat Mar 15 2025 14:06:40 GMT+0000 (Coordinated Universal Time),25,18,1
1742047672,Sat Mar 15 2025 14:07:52 GMT+0000 (Coordinated Universal Time),26,4,0
1742047530,Sat Mar 15 2025 14:05:30 GMT+0000 (Coordinated Universal Time),26,7,1
1742047505,Sat Mar 15 2025 14:05:05 GMT+0000 (Coordinated Universal Time),26,8,1
1742047726,Sat Mar 15 2025 14:08:46 GMT+0000 (Coordinated Universal Time),26,11,0
1742047408,Sat Mar 15 2025 14:03:28 GMT+0000 (Coordinated Universal Time),26,13,-1
1742047935,Sat Mar 15 2025 14:12:15 GMT+0000 (Coordinated Universal Time),26,16,-1
1742047474,Sat Mar 15 2025 14:04:34 GMT+0000 (Coordinated Universal Time),26,17,1
1742047729,Sat Mar 15 2025 14:08:49 GMT+0000 (Coordinated Universal Time),27,5,1
1742047485,Sat Mar 15 2025 14:04:45 GMT+0000 (Coordinated Universal Time),27,6,1
1742047448,Sat Mar 15 2025 14:04:08 GMT+0000 (Coordinated Universal Time),27,7,1
1742047706,Sat Mar 15 2025 14:08:26 GMT+0000 (Coordinated Universal Time),27,8,1
1742047731,Sat Mar 15 2025 14:08:51 GMT+0000 (Coordinated Universal Time),27,11,0
1742047909,Sat Mar 15 2025 14:11:49 GMT+0000 (Coordinated Universal Time),27,13,1
1742047446,Sat Mar 15 2025 14:04:06 GMT+0000 (Coordinated Universal Time),28,3,1
1742047658,Sat Mar 15 2025 14:07:38 GMT+0000 (Coordinated Universal Time),28,4,0
1742047697,Sat Mar 15 2025 14:08:17 GMT+0000 (Coordinated Universal Time),28,6,-1
1742047479,Sat Mar 15 2025 14:04:39 GMT+0000 (Coordinated Universal Time),28,7,1
1742047589,Sat Mar 15 2025 14:06:29 GMT+0000 (Coordinated Universal Time),28,8,-1
1742047557,Sat Mar 15 2025 14:05:57 GMT+0000 (Coordinated Universal Time),28,10,1
1742047730,Sat Mar 15 2025 14:08:50 GMT+0000 (Coordinated Universal Time),28,11,0
1742047659,Sat Mar 15 2025 14:07:39 GMT+0000 (Coordinated Universal Time),28,13,1
1742047715,Sat Mar 15 2025 14:08:35 GMT+0000 (Coordinated Universal Time),28,17,-1
1742047694,Sat Mar 15 2025 14:08:14 GMT+0000 (Coordinated Universal Time),29,4,0
1742047750,Sat Mar 15 2025 14:09:10 GMT+0000 (Coordinated Universal Time),29,5,1
1742047462,Sat Mar 15 2025 14:04:22 GMT+0000 (Coordinated Universal Time),29,7,-1
1742047738,Sat Mar 15 2025 14:08:58 GMT+0000 (Coordinated Universal Time),29,8,-1
1742047656,Sat Mar 15 2025 14:07:36 GMT+0000 (Coordinated Universal Time),29,11,0
1742047900,Sat Mar 15 2025 14:11:40 GMT+0000 (Coordinated Universal Time),29,13,-1
1742047923,Sat Mar 15 2025 14:12:03 GMT+0000 (Coordinated Universal Time),29,16,0
1742047639,Sat Mar 15 2025 14:07:19 GMT+0000 (Coordinated Universal Time),29,19,-1
1742047530,Sat Mar 15 2025 14:05:30 GMT+0000 (Coordinated Universal Time),29,21,-1
1742047567,Sat Mar 15 2025 14:06:07 GMT+0000 (Coordinated Universal Time),30,4,1
1742047523,Sat Mar 15 2025 14:05:23 GMT+0000 (Coordinated Universal Time),30,5,0
1742047474,Sat Mar 15 2025 14:04:34 GMT+0000 (Coordinated Universal Time),30,7,1
1742047388,Sat Mar 15 2025 14:03:08 GMT+0000 (Coordinated Universal Time),30,8,-1
1742047728,Sat Mar 15 2025 14:08:48 GMT+0000 (Coordinated Universal Time),30,11,0
1742047662,Sat Mar 15 2025 14:07:42 GMT+0000 (Coordinated Universal Time),30,14,1
1742047523,Sat Mar 15 2025 14:05:23 GMT+0000 (Coordinated Universal Time),31,3,1
1742047521,Sat Mar 15 2025 14:05:21 GMT+0000 (Coordinated Universal Time),31,4,0
1742047573,Sat Mar 15 2025 14:06:13 GMT+0000 (Coordinated Universal Time),31,6,1
1742047504,Sat Mar 15 2025 14:05:04 GMT+0000 (Coordinated Universal Time),31,7,-1
1742047325,Sat Mar 15 2025 14:02:05 GMT+0000 (Coordinated Universal Time),31,9,1
1742047682,Sat Mar 15 2025 14:08:02 GMT+0000 (Coordinated Universal Time),31,11,1
1742047531,Sat Mar 15 2025 14:05:31 GMT+0000 (Coordinated Universal Time),31,12,-1
1742047693,Sat Mar 15 2025 14:08:13 GMT+0000 (Coordinated Universal Time),31,13,1
1742047702,Sat Mar 15 2025 14:08:22 GMT+0000 (Coordinated Universal Time),31,21,-1
1742047712,Sat Mar 15 2025 14:08:32 GMT+0000 (Coordinated Universal Time),32,4,1
1742047735,Sat Mar 15 2025 14:08:55 GMT+0000 (Coordinated Universal Time),32,5,1
1742047469,Sat Mar 15 2025 14:04:29 GMT+0000 (Coordinated Universal Time),32,6,-1
1742047466,Sat Mar 15 2025 14:04:26 GMT+0000 (Coordinated Universal Time),32,7,-1
1742047723,Sat Mar 15 2025 14:08:43 GMT+0000 (Coordinated Universal Time),32,8,1
1742047729,Sat Mar 15 2025 14:08:49 GMT+0000 (Coordinated Universal Time),32,11,0
1742047909,Sat Mar 15 2025 14:11:49 GMT+0000 (Coordinated Universal Time),32,16,1
1742047462,Sat Mar 15 2025 14:04:22 GMT+0000 (Coordinated Universal Time),32,19,1
1742047658,Sat Mar 15 2025 14:07:38 GMT+0000 (Coordinated Universal Time),32,21,1
1742047581,Sat Mar 15 2025 14:06:21 GMT+0000 (Coordinated Universal Time),33,4,1
1742047384,Sat Mar 15 2025 14:03:04 GMT+0000 (Coordinated Universal Time),33,7,1
1742047547,Sat Mar 15 2025 14:05:47 GMT+0000 (Coordinated Universal Time),33,8,1
1742047677,Sat Mar 15 2025 14:07:57 GMT+0000 (Coordinated Universal Time),33,11,1
1742047856,Sat Mar 15 2025 14:10:56 GMT+0000 (Coordinated Universal Time),33,13,1
1742047546,Sat Mar 15 2025 14:05:46 GMT+0000 (Coordinated Universal Time),34,4,0
1742047506,Sat Mar 15 2025 14:05:06 GMT+0000 (Coordinated Universal Time),34,5,0
1742047710,Sat Mar 15 2025 14:08:30 GMT+0000 (Coordinated Universal Time),34,6,1
1742047537,Sat Mar 15 2025 14:05:37 GMT+0000 (Coordinated Universal Time),34,7,1
1742047428,Sat Mar 15 2025 14:03:48 GMT+0000 (Coordinated Universal Time),34,8,1
1742047527,Sat Mar 15 2025 14:05:27 GMT+0000 (Coordinated Universal Time),34,10,1
1742047564,Sat Mar 15 2025 14:06:04 GMT+0000 (Coordinated Universal Time),34,11,1
1742047544,Sat Mar 15 2025 14:05:44 GMT+0000 (Coordinated Universal Time),34,23,1
1742047527,Sat Mar 15 2025 14:05:27 GMT+0000 (Coordinated Universal Time),35,7,-1
1742047733,Sat Mar 15 2025 14:08:53 GMT+0000 (Coordinated Universal Time),35,8,-1
1742047377,Sat Mar 15 2025 14:02:57 GMT+0000 (Coordinated Universal Time),35,9,1
1742047728,Sat Mar 15 2025 14:08:48 GMT+0000 (Coordinated Universal Time),35,11,0
1741772493,Wed Mar 12 2025 09:41:33 GMT+0000 (Coordinated Universal Time),36,2,1
1742047518,Sat Mar 15 2025 14:05:18 GMT+0000 (Coordinated Universal Time),36,3,1
1742047534,Sat Mar 15 2025 14:05:34 GMT+0000 (Coordinated Universal Time),36,4,1
1742047405,Sat Mar 15 2025 14:03:25 GMT+0000 (Coordinated Universal Time),36,5,1
1742047340,Sat Mar 15 2025 14:02:20 GMT+0000 (Coordinated Universal Time),36,6,0
1742047405,Sat Mar 15 2025 14:03:25 GMT+0000 (Coordinated Universal Time),36,7,1
1742047464,Sat Mar 15 2025 14:04:24 GMT+0000 (Coordinated Universal Time),36,8,1
1742047469,Sat Mar 15 2025 14:04:29 GMT+0000 (Coordinated Universal Time),36,9,0
1742047466,Sat Mar 15 2025 14:04:26 GMT+0000 (Coordinated Universal Time),36,11,1
1742047706,Sat Mar 15 2025 14:08:26 GMT+0000 (Coordinated Universal Time),36,12,0
1742047517,Sat Mar 15 2025 14:05:17 GMT+0000 (Coordinated Universal Time),36,13,1
1742047487,Sat Mar 15 2025 14:04:47 GMT+0000 (Coordinated Universal Time),36,16,1
1742047506,Sat Mar 15 2025 14:05:06 GMT+0000 (Coordinated Universal Time),36,17,1
1742047575,Sat Mar 15 2025 14:06:15 GMT+0000 (Coordinated Universal Time),36,19,1
1742047642,Sat Mar 15 2025 14:07:22 GMT+0000 (Coordinated Universal Time),36,20,1
1742047623,Sat Mar 15 2025 14:07:03 GMT+0000 (Coordinated Universal Time),36,21,-1
1742047668,Sat Mar 15 2025 14:07:48 GMT+0000 (Coordinated Universal Time),36,22,1
1742047552,Sat Mar 15 2025 14:05:52 GMT+0000 (Coordinated Universal Time),36,25,1
1742047636,Sat Mar 15 2025 14:07:16 GMT+0000 (Coordinated Universal Time),37,4,1
1742047520,Sat Mar 15 2025 14:05:20 GMT+0000 (Coordinated Universal Time),37,6,1
1742047469,Sat Mar 15 2025 14:04:29 GMT+0000 (Coordinated Universal Time),37,7,1
1742047541,Sat Mar 15 2025 14:05:41 GMT+0000 (Coordinated Universal Time),37,10,1
1742047722,Sat Mar 15 2025 14:08:42 GMT+0000 (Coordinated Universal Time),37,11,0
1742047741,Sat Mar 15 2025 14:09:01 GMT+0000 (Coordinated Universal Time),37,13,1
1742047898,Sat Mar 15 2025 14:11:38 GMT+0000 (Coordinated Universal Time),37,16,1
1742047607,Sat Mar 15 2025 14:06:47 GMT+0000 (Coordinated Universal Time),37,21,-1
1741772455,Wed Mar 12 2025 09:40:55 GMT+0000 (Coordinated Universal Time),38,2,0
1742047706,Sat Mar 15 2025 14:08:26 GMT+0000 (Coordinated Universal Time),38,4,0
1742047514,Sat Mar 15 2025 14:05:14 GMT+0000 (Coordinated Universal Time),38,7,-1
1742047279,Sat Mar 15 2025 14:01:19 GMT+0000 (Coordinated Universal Time),38,8,1
1742047709,Sat Mar 15 2025 14:08:29 GMT+0000 (Coordinated Universal Time),38,10,0
1742047730,Sat Mar 15 2025 14:08:50 GMT+0000 (Coordinated Universal Time),38,11,0
1742047732,Sat Mar 15 2025 14:08:52 GMT+0000 (Coordinated Universal Time),38,13,-1
1742047631,Sat Mar 15 2025 14:07:11 GMT+0000 (Coordinated Universal Time),38,22,0
1742047615,Sat Mar 15 2025 14:06:55 GMT+0000 (Coordinated Universal Time),38,24,1
1742047625,Sat Mar 15 2025 14:07:05 GMT+0000 (Coordinated Universal Time),39,4,0
1742047747,Sat Mar 15 2025 14:09:07 GMT+0000 (Coordinated Universal Time),39,5,1
1742047428,Sat Mar 15 2025 14:03:48 GMT+0000 (Coordinated Universal Time),39,7,1
1742047597,Sat Mar 15 2025 14:06:37 GMT+0000 (Coordinated Universal Time),39,11,1
1742047598,Sat Mar 15 2025 14:06:38 GMT+0000 (Coordinated Universal Time),39,13,1
1742047724,Sat Mar 15 2025 14:08:44 GMT+0000 (Coordinated Universal Time),39,21,1
1742047641,Sat Mar 15 2025 14:07:21 GMT+0000 (Coordinated Universal Time),40,4,0
1742047517,Sat Mar 15 2025 14:05:17 GMT+0000 (Coordinated Universal Time),40,7,1
1742047712,Sat Mar 15 2025 14:08:32 GMT+0000 (Coordinated Universal Time),40,8,1
1742047727,Sat Mar 15 2025 14:08:47 GMT+0000 (Coordinated Universal Time),40,11,0
1742047383,Sat Mar 15 2025 14:03:03 GMT+0000 (Coordinated Universal Time),40,14,1
1742047696,Sat Mar 15 2025 14:08:16 GMT+0000 (Coordinated Universal Time),40,16,0
1742047360,Sat Mar 15 2025 14:02:40 GMT+0000 (Coordinated Universal Time),41,3,1
1742047631,Sat Mar 15 2025 14:07:11 GMT+0000 (Coordinated Universal Time),41,4,0
1742047452,Sat Mar 15 2025 14:04:12 GMT+0000 (Coordinated Universal Time),41,5,1
1742047508,Sat Mar 15 2025 14:05:08 GMT+0000 (Coordinated Universal Time),41,7,1
1742047613,Sat Mar 15 2025 14:06:53 GMT+0000 (Coordinated Universal Time),41,11,1
1742047665,Sat Mar 15 2025 14:07:45 GMT+0000 (Coordinated Universal Time),41,13,1
1742047684,Sat Mar 15 2025 14:08:04 GMT+0000 (Coordinated Universal Time),41,21,1
1742047690,Sat Mar 15 2025 14:08:10 GMT+0000 (Coordinated Universal Time),42,3,0
1742047460,Sat Mar 15 2025 14:04:20 GMT+0000 (Coordinated Universal Time),42,6,0
1742047544,Sat Mar 15 2025 14:05:44 GMT+0000 (Coordinated Universal Time),42,7,1
1742047743,Sat Mar 15 2025 14:09:03 GMT+0000 (Coordinated Universal Time),42,8,0
1742047513,Sat Mar 15 2025 14:05:13 GMT+0000 (Coordinated Universal Time),42,11,0
1742047866,Sat Mar 15 2025 14:11:06 GMT+0000 (Coordinated Universal Time),42,13,1
1742047699,Sat Mar 15 2025 14:08:19 GMT+0000 (Coordinated Universal Time),42,14,0
1742047728,Sat Mar 15 2025 14:08:48 GMT+0000 (Coordinated Universal Time),42,26,1
1742047725,Sat Mar 15 2025 14:08:45 GMT+0000 (Coordinated Universal Time),43,5,1
1742047325,Sat Mar 15 2025 14:02:05 GMT+0000 (Coordinated Universal Time),43,6,1
1742047457,Sat Mar 15 2025 14:04:17 GMT+0000 (Coordinated Universal Time),43,7,-1
1742047661,Sat Mar 15 2025 14:07:41 GMT+0000 (Coordinated Universal Time),43,11,-1
1742047658,Sat Mar 15 2025 14:07:38 GMT+0000 (Coordinated Universal Time),43,17,0
1742047416,Sat Mar 15 2025 14:03:36 GMT+0000 (Coordinated Universal Time),43,20,1
1742047449,Sat Mar 15 2025 14:04:09 GMT+0000 (Coordinated Universal Time),43,25,0
1741772578,Wed Mar 12 2025 09:42:58 GMT+0000 (Coordinated Universal Time),44,2,-1
1742047575,Sat Mar 15 2025 14:06:15 GMT+0000 (Coordinated Universal Time),44,4,0
1742047376,Sat Mar 15 2025 14:02:56 GMT+0000 (Coordinated Universal Time),44,5,1
1742047484,Sat Mar 15 2025 14:04:44 GMT+0000 (Coordinated Universal Time),44,7,1
1742047686,Sat Mar 15 2025 14:08:06 GMT+0000 (Coordinated Universal Time),44,8,1
1742047355,Sat Mar 15 2025 14:02:35 GMT+0000 (Coordinated Universal Time),44,9,-1
1742047498,Sat Mar 15 2025 14:04:58 GMT+0000 (Coordinated Universal Time),44,10,1
1742047697,Sat Mar 15 2025 14:08:17 GMT+0000 (Coordinated Universal Time),44,11,1
1742047425,Sat Mar 15 2025 14:03:45 GMT+0000 (Coordinated Universal Time),44,16,1
1742047703,Sat Mar 15 2025 14:08:23 GMT+0000 (Coordinated Universal Time),44,17,1
1742047652,Sat Mar 15 2025 14:07:32 GMT+0000 (Coordinated Universal Time),44,21,1
1741772446,Wed Mar 12 2025 09:40:46 GMT+0000 (Coordinated Universal Time),45,2,1
1742047544,Sat Mar 15 2025 14:05:44 GMT+0000 (Coordinated Universal Time),45,3,-1
1742047498,Sat Mar 15 2025 14:04:58 GMT+0000 (Coordinated Universal Time),45,4,0
1742047257,Sat Mar 15 2025 14:00:57 GMT+0000 (Coordinated Universal Time),45,5,0
1742047369,Sat Mar 15 2025 14:02:49 GMT+0000 (Coordinated Universal Time),45,6,1
1742047276,Sat Mar 15 2025 14:01:16 GMT+0000 (Coordinated Universal Time),45,7,1
1742047332,Sat Mar 15 2025 14:02:12 GMT+0000 (Coordinated Universal Time),45,8,1
1742047532,Sat Mar 15 2025 14:05:32 GMT+0000 (Coordinated Universal Time),45,9,-1
1742047695,Sat Mar 15 2025 14:08:15 GMT+0000 (Coordinated Universal Time),45,10,1
1742047539,Sat Mar 15 2025 14:05:39 GMT+0000 (Coordinated Universal Time),45,11,1
1742047636,Sat Mar 15 2025 14:07:16 GMT+0000 (Coordinated Universal Time),45,13,1
1742047389,Sat Mar 15 2025 14:03:09 GMT+0000 (Coordinated Universal Time),45,14,-1
1742047683,Sat Mar 15 2025 14:08:03 GMT+0000 (Coordinated Universal Time),45,16,0
1742047381,Sat Mar 15 2025 14:03:01 GMT+0000 (Coordinated Universal Time),45,17,-1
1742047533,Sat Mar 15 2025 14:05:33 GMT+0000 (Coordinated Universal Time),45,18,-1
1742047546,Sat Mar 15 2025 14:05:46 GMT+0000 (Coordinated Universal Time),45,19,-1
1742047460,Sat Mar 15 2025 14:04:20 GMT+0000 (Coordinated Universal Time),45,21,-1
1742047419,Sat Mar 15 2025 14:03:39 GMT+0000 (Coordinated Universal Time),45,23,-1
1742047703,Sat Mar 15 2025 14:08:23 GMT+0000 (Coordinated Universal Time),45,24,0
1741772548,Wed Mar 12 2025 09:42:28 GMT+0000 (Coordinated Universal Time),46,2,1
1742047385,Sat Mar 15 2025 14:03:05 GMT+0000 (Coordinated Universal Time),46,3,1
1742047427,Sat Mar 15 2025 14:03:47 GMT+0000 (Coordinated Universal Time),46,4,1
1742047419,Sat Mar 15 2025 14:03:39 GMT+0000 (Coordinated Universal Time),46,5,1
1742047252,Sat Mar 15 2025 14:00:52 GMT+0000 (Coordinated Universal Time),46,6,1
1742047265,Sat Mar 15 2025 14:01:05 GMT+0000 (Coordinated Universal Time),46,7,-1
1742047476,Sat Mar 15 2025 14:04:36 GMT+0000 (Coordinated Universal Time),46,8,-1
1742047395,Sat Mar 15 2025 14:03:15 GMT+0000 (Coordinated Universal Time),46,9,1
1742047501,Sat Mar 15 2025 14:05:01 GMT+0000 (Coordinated Universal Time),46,10,1
1742047641,Sat Mar 15 2025 14:07:21 GMT+0000 (Coordinated Universal Time),46,11,1
1742047697,Sat Mar 15 2025 14:08:17 GMT+0000 (Coordinated Universal Time),46,12,1
1742047344,Sat Mar 15 2025 14:02:24 GMT+0000 (Coordinated Universal Time),46,13,1
1742047376,Sat Mar 15 2025 14:02:56 GMT+0000 (Coordinated Universal Time),46,14,1
1742047685,Sat Mar 15 2025 14:08:05 GMT+0000 (Coordinated Universal Time),46,15,1
1742047430,Sat Mar 15 2025 14:03:50 GMT+0000 (Coordinated Universal Time),46,16,1
1742047698,Sat Mar 15 2025 14:08:18 GMT+0000 (Coordinated Universal Time),46,17,1
1742047611,Sat Mar 15 2025 14:06:51 GMT+0000 (Coordinated Universal Time),46,18,1
1742047494,Sat Mar 15 2025 14:04:54 GMT+0000 (Coordinated Universal Time),46,21,-1
1742047448,Sat Mar 15 2025 14:04:08 GMT+0000 (Coordinated Universal Time),46,23,1
1742047699,Sat Mar 15 2025 14:08:19 GMT+0000 (Coordinated Universal Time),46,25,1
1742047592,Sat Mar 15 2025 14:06:32 GMT+0000 (Coordinated Universal Time),46,26,1
1741772670,Wed Mar 12 2025 09:44:30 GMT+0000 (Coordinated Universal Time),47,2,1
1742047614,Sat Mar 15 2025 14:06:54 GMT+0000 (Coordinated Universal Time),47,3,-1
1742047557,Sat Mar 15 2025 14:05:57 GMT+0000 (Coordinated Universal Time),47,4,0
1742047692,Sat Mar 15 2025 14:08:12 GMT+0000 (Coordinated Universal Time),47,5,-1
1742047488,Sat Mar 15 2025 14:04:48 GMT+0000 (Coordinated Universal Time),47,6,1
1742047335,Sat Mar 15 2025 14:02:15 GMT+0000 (Coordinated Universal Time),47,7,1
1742047532,Sat Mar 15 2025 14:05:32 GMT+0000 (Coordinated Universal Time),47,8,-1
1742047503,Sat Mar 15 2025 14:05:03 GMT+0000 (Coordinated Universal Time),47,9,-1
1742047376,Sat Mar 15 2025 14:02:56 GMT+0000 (Coordinated Universal Time),47,10,-1
1742047524,Sat Mar 15 2025 14:05:24 GMT+0000 (Coordinated Universal Time),47,11,1
1742047469,Sat Mar 15 2025 14:04:29 GMT+0000 (Coordinated Universal Time),47,12,0
1742047457,Sat Mar 15 2025 14:04:17 GMT+0000 (Coordinated Universal Time),47,13,-1
1742047689,Sat Mar 15 2025 14:08:09 GMT+0000 (Coordinated Universal Time),47,15,1
1742047718,Sat Mar 15 2025 14:08:38 GMT+0000 (Coordinated Universal Time),47,16,1
1742047431,Sat Mar 15 2025 14:03:51 GMT+0000 (Coordinated Universal Time),47,17,-1
1742047427,Sat Mar 15 2025 14:03:47 GMT+0000 (Coordinated Universal Time),47,19,-1
1742047547,Sat Mar 15 2025 14:05:47 GMT+0000 (Coordinated Universal Time),47,20,-1
1742047436,Sat Mar 15 2025 14:03:56 GMT+0000 (Coordinated Universal Time),47,21,-1
1742047515,Sat Mar 15 2025 14:05:15 GMT+0000 (Coordinated Universal Time),47,25,0
1741772783,Wed Mar 12 2025 09:46:23 GMT+0000 (Coordinated Universal Time),48,2,1
1742047530,Sat Mar 15 2025 14:05:30 GMT+0000 (Coordinated Universal Time),48,3,1
1742047223,Sat Mar 15 2025 14:00:23 GMT+0000 (Coordinated Universal Time),48,4,1
1742047587,Sat Mar 15 2025 14:06:27 GMT+0000 (Coordinated Universal Time),48,5,-1
1742047475,Sat Mar 15 2025 14:04:35 GMT+0000 (Coordinated Universal Time),48,6,1
1742047436,Sat Mar 15 2025 14:03:56 GMT+0000 (Coordinated Universal Time),48,7,-1
1742047393,Sat Mar 15 2025 14:03:13 GMT+0000 (Coordinated Universal Time),48,8,-1
1742047389,Sat Mar 15 2025 14:03:09 GMT+0000 (Coordinated Universal Time),48,9,0
1742047716,Sat Mar 15 2025 14:08:36 GMT+0000 (Coordinated Universal Time),48,10,1
1742047498,Sat Mar 15 2025 14:04:58 GMT+0000 (Coordinated Universal Time),48,11,1
1742047686,Sat Mar 15 2025 14:08:06 GMT+0000 (Coordinated Universal Time),48,13,1
1742047635,Sat Mar 15 2025 14:07:15 GMT+0000 (Coordinated Universal Time),48,14,1
1742047668,Sat Mar 15 2025 14:07:48 GMT+0000 (Coordinated Universal Time),48,15,-1
1742047437,Sat Mar 15 2025 14:03:57 GMT+0000 (Coordinated Universal Time),48,16,1
1742047391,Sat Mar 15 2025 14:03:11 GMT+0000 (Coordinated Universal Time),48,17,-1
1742047453,Sat Mar 15 2025 14:04:13 GMT+0000 (Coordinated Universal Time),48,18,1
1742047408,Sat Mar 15 2025 14:03:28 GMT+0000 (Coordinated Universal Time),48,20,1
1742047389,Sat Mar 15 2025 14:03:09 GMT+0000 (Coordinated Universal Time),48,21,-1
1742047533,Sat Mar 15 2025 14:05:33 GMT+0000 (Coordinated Universal Time),48,23,1
1742047737,Sat Mar 15 2025 14:08:57 GMT+0000 (Coordinated Universal Time),48,25,0
1742047326,Sat Mar 15 2025 14:02:06 GMT+0000 (Coordinated Universal Time),49,4,1
1742047705,Sat Mar 15 2025 14:08:25 GMT+0000 (Coordinated Universal Time),49,6,1
1742047496,Sat Mar 15 2025 14:04:56 GMT+0000 (Coordinated Universal Time),49,7,-1
1742047699,Sat Mar 15 2025 14:08:19 GMT+0000 (Coordinated Universal Time),49,8,-1
1742047727,Sat Mar 15 2025 14:08:47 GMT+0000 (Coordinated Universal Time),49,11,0
1742047629,Sat Mar 15 2025 14:07:09 GMT+0000 (Coordinated Universal Time),49,13,-1
1742047679,Sat Mar 15 2025 14:07:59 GMT+0000 (Coordinated Universal Time),49,21,-1
1742047513,Sat Mar 15 2025 14:05:13 GMT+0000 (Coordinated Universal Time),50,4,0
1742047577,Sat Mar 15 2025 14:06:17 GMT+0000 (Coordinated Universal Time),50,7,1
1742047637,Sat Mar 15 2025 14:07:17 GMT+0000 (Coordinated Universal Time),50,11,0
1742047642,Sat Mar 15 2025 14:07:22 GMT+0000 (Coordinated Universal Time),50,13,1
1742047648,Sat Mar 15 2025 14:07:28 GMT+0000 (Coordinated Universal Time),50,17,-1
1742047525,Sat Mar 15 2025 14:05:25 GMT+0000 (Coordinated Universal Time),50,20,-1
1742047406,Sat Mar 15 2025 14:03:26 GMT+0000 (Coordinated Universal Time),50,24,1
1742047701,Sat Mar 15 2025 14:08:21 GMT+0000 (Coordinated Universal Time),51,4,1
1742047702,Sat Mar 15 2025 14:08:22 GMT+0000 (Coordinated Universal Time),51,5,1
1742047642,Sat Mar 15 2025 14:07:22 GMT+0000 (Coordinated Universal Time),51,6,-1
1742047500,Sat Mar 15 2025 14:05:00 GMT+0000 (Coordinated Universal Time),51,7,-1
1742047722,Sat Mar 15 2025 14:08:42 GMT+0000 (Coordinated Universal Time),51,11,0
1742047926,Sat Mar 15 2025 14:12:06 GMT+0000 (Coordinated Universal Time),51,16,1
1742047726,Sat Mar 15 2025 14:08:46 GMT+0000 (Coordinated Universal Time),51,17,-1
1742047658,Sat Mar 15 2025 14:07:38 GMT+0000 (Coordinated Universal Time),51,20,-1
1742047728,Sat Mar 15 2025 14:08:48 GMT+0000 (Coordinated Universal Time),51,21,1
1742047476,Sat Mar 15 2025 14:04:36 GMT+0000 (Coordinated Universal Time),51,24,1
1742047562,Sat Mar 15 2025 14:06:02 GMT+0000 (Coordinated Universal Time),52,4,1
1742047695,Sat Mar 15 2025 14:08:15 GMT+0000 (Coordinated Universal Time),52,5,1
1742047581,Sat Mar 15 2025 14:06:21 GMT+0000 (Coordinated Universal Time),52,7,1
1742047723,Sat Mar 15 2025 14:08:43 GMT+0000 (Coordinated Universal Time),52,11,0
1742047623,Sat Mar 15 2025 14:07:03 GMT+0000 (Coordinated Universal Time),52,13,1
1742047554,Sat Mar 15 2025 14:05:54 GMT+0000 (Coordinated Universal Time),52,24,1
1742047677,Sat Mar 15 2025 14:07:57 GMT+0000 (Coordinated Universal Time),53,4,0
1742047774,Sat Mar 15 2025 14:09:34 GMT+0000 (Coordinated Universal Time),53,7,-1
1742047694,Sat Mar 15 2025 14:08:14 GMT+0000 (Coordinated Universal Time),53,8,-1
1742047687,Sat Mar 15 2025 14:08:07 GMT+0000 (Coordinated Universal Time),53,11,0
1742047757,Sat Mar 15 2025 14:09:17 GMT+0000 (Coordinated Universal Time),53,13,1
1742047882,Sat Mar 15 2025 14:11:22 GMT+0000 (Coordinated Universal Time),53,16,1
1742047647,Sat Mar 15 2025 14:07:27 GMT+0000 (Coordinated Universal Time),53,24,1
1742047687,Sat Mar 15 2025 14:08:07 GMT+0000 (Coordinated Universal Time),54,4,0
1742047661,Sat Mar 15 2025 14:07:41 GMT+0000 (Coordinated Universal Time),54,5,1
1742047738,Sat Mar 15 2025 14:08:58 GMT+0000 (Coordinated Universal Time),54,6,1
1742047772,Sat Mar 15 2025 14:09:32 GMT+0000 (Coordinated Universal Time),54,7,1
1742047720,Sat Mar 15 2025 14:08:40 GMT+0000 (Coordinated Universal Time),54,11,0
1742048066,Sat Mar 15 2025 14:14:26 GMT+0000 (Coordinated Universal Time),54,13,1
1742047713,Sat Mar 15 2025 14:08:33 GMT+0000 (Coordinated Universal Time),54,25,1
1742047715,Sat Mar 15 2025 14:08:35 GMT+0000 (Coordinated Universal Time),55,4,0
1742047766,Sat Mar 15 2025 14:09:26 GMT+0000 (Coordinated Universal Time),55,7,-1
1742047700,Sat Mar 15 2025 14:08:20 GMT+0000 (Coordinated Universal Time),55,11,0
1742047669,Sat Mar 15 2025 14:07:49 GMT+0000 (Coordinated Universal Time),55,24,1
1742047717,Sat Mar 15 2025 14:08:37 GMT+0000 (Coordinated Universal Time),56,4,-1
1742047682,Sat Mar 15 2025 14:08:02 GMT+0000 (Coordinated Universal Time),56,9,1
1742047713,Sat Mar 15 2025 14:08:33 GMT+0000 (Coordinated Universal Time),56,11,0
1742047696,Sat Mar 15 2025 14:08:16 GMT+0000 (Coordinated Universal Time),56,13,-1
1742047708,Sat Mar 15 2025 14:08:28 GMT+0000 (Coordinated Universal Time),57,4,1
1742047717,Sat Mar 15 2025 14:08:37 GMT+0000 (Coordinated Universal Time),57,8,0
1742047705,Sat Mar 15 2025 14:08:25 GMT+0000 (Coordinated Universal Time),57,9,1
1742047729,Sat Mar 15 2025 14:08:49 GMT+0000 (Coordinated Universal Time),57,11,0
1742047744,Sat Mar 15 2025 14:09:04 GMT+0000 (Coordinated Universal Time),57,25,0
1742047779,Sat Mar 15 2025 14:09:39 GMT+0000 (Coordinated Universal Time),58,7,1
1742047721,Sat Mar 15 2025 14:08:41 GMT+0000 (Coordinated Universal Time),58,11,0
1742047707,Sat Mar 15 2025 14:08:27 GMT+0000 (Coordinated Universal Time),58,20,1
1742047782,Sat Mar 15 2025 14:09:42 GMT+0000 (Coordinated Universal Time),59,7,1
1742047760,Sat Mar 15 2025 14:09:20 GMT+0000 (Coordinated Universal Time),59,9,1
1742047883,Sat Mar 15 2025 14:11:23 GMT+0000 (Coordinated Universal Time),60,13,-1
1742047941,Sat Mar 15 2025 14:12:21 GMT+0000 (Coordinated Universal Time),60,16,0
1742047795,Sat Mar 15 2025 14:09:55 GMT+0000 (Coordinated Universal Time),60,22,1
1742047917,Sat Mar 15 2025 14:11:57 GMT+0000 (Coordinated Universal Time),61,9,1
